('floor', 'True', '-2864', '-142')
('floor', 'True', '-2800', '-142')
('floor', 'True', '-2736', '-142')
('floor', 'True', '-2672', '-142')
('floor', 'True', '-2608', '-142')
('floor', 'True', '-2544', '-142')
('floor', 'True', '-2480', '-142')
('floor', 'True', '-2416', '-142')
('floor', 'True', '-2352', '-142')
('floor', 'True', '-2288', '-142')
('floor', 'True', '-2224', '-142')
('floor', 'True', '-2160', '-142')
('floor', 'True', '-2096', '-142')
('floor', 'True', '-2032', '-142')
('floor', 'True', '-1968', '-142')
('floor', 'True', '-1904', '-142')
('floor', 'True', '-1840', '-142')
('floor', 'True', '-1776', '-142')
('floor', 'True', '-1712', '-142')
('floor', 'True', '-1648', '-142')
('floor', 'True', '-1584', '-142')
('floor', 'True', '-1520', '-142')
('floor', 'True', '-1456', '-142')
('floor', 'True', '-1392', '-142')
('floor', 'True', '-1328', '-142')
('floor', 'True', '-1264', '-142')
('floor', 'True', '-1200', '-142')
('floor', 'True', '-1136', '-142')
('floor', 'True', '-1072', '-142')
('floor', 'True', '-1008', '-142')
('floor', 'True', '-944', '-142')
('floor', 'True', '-880', '-142')
('floor', 'True', '-816', '-142')
('floor', 'True', '-752', '-142')
('floor', 'True', '-688', '-142')
('floor', 'True', '-624', '-142')
('floor', 'True', '-560', '-142')
('floor', 'True', '-496', '-142')
('floor', 'True', '-432', '-142')
('floor', 'True', '-368', '-142')
('floor', 'True', '-304', '-142')
('floor', 'True', '-240', '-142')
('floor', 'True', '-176', '-142')
('floor', 'True', '-112', '-142')
('floor', 'True', '-48', '-142')
('floor', 'True', '16', '-142')
('floor', 'True', '80', '-142')
('floor', 'True', '144', '-142')
('floor', 'True', '208', '-142')
('floor', 'True', '272', '-142')
('floor', 'True', '336', '-142')
('floor', 'True', '400', '-142')
('floor', 'True', '464', '-142')
('floor', 'True', '528', '-142')
('floor', 'True', '592', '-142')
('floor', 'True', '656', '-142')
('floor', 'True', '720', '-142')
('floor', 'True', '784', '-142')
('floor', 'True', '848', '-142')
('floor', 'True', '912', '-142')
('floor', 'True', '976', '-142')
('floor', 'True', '1040', '-142')
('floor', 'True', '1104', '-142')
('floor', 'True', '1168', '-142')
('floor', 'True', '1232', '-142')
('floor', 'True', '1296', '-142')
('floor', 'True', '1936', '-142')
('floor', 'True', '2000', '-142')
('floor', 'True', '2064', '-142')
('floor', 'True', '2128', '-142')
('floor', 'True', '2192', '-142')
('floor', 'True', '-2864', '-78')
('floor', 'True', '-2800', '-78')
('floor', 'True', '-2736', '-78')
('floor', 'True', '-2672', '-78')
('floor', 'True', '-2608', '-78')
('floor', 'True', '-2544', '-78')
('floor', 'True', '-2480', '-78')
('floor', 'True', '-2416', '-78')
('floor', 'True', '-2352', '-78')
('floor', 'True', '-2288', '-78')
('floor', 'True', '-2224', '-78')
('floor', 'True', '-2160', '-78')
('floor', 'True', '-2096', '-78')
('floor', 'True', '-2032', '-78')
('floor', 'True', '-1968', '-78')
('floor', 'True', '-1904', '-78')
('floor', 'True', '-1840', '-78')
('floor', 'True', '-1776', '-78')
('floor', 'True', '-1712', '-78')
('floor', 'True', '-1648', '-78')
('floor', 'True', '-1584', '-78')
('floor', 'True', '-1520', '-78')
('floor', 'True', '-1456', '-78')
('floor', 'True', '-1392', '-78')
('floor', 'True', '-1328', '-78')
('floor', 'True', '-1264', '-78')
('floor', 'True', '-1200', '-78')
('floor', 'True', '-1136', '-78')
('floor', 'True', '-1072', '-78')
('floor', 'True', '-1008', '-78')
('floor', 'True', '-944', '-78')
('floor', 'True', '-880', '-78')
('floor', 'True', '-816', '-78')
('floor', 'True', '-752', '-78')
('floor', 'True', '-688', '-78')
('floor', 'True', '-624', '-78')
('floor', 'True', '-560', '-78')
('floor', 'True', '-496', '-78')
('floor', 'True', '-432', '-78')
('floor', 'True', '-368', '-78')
('floor', 'True', '-304', '-78')
('floor', 'True', '-240', '-78')
('floor', 'True', '-176', '-78')
('floor', 'True', '-112', '-78')
('floor', 'True', '-48', '-78')
('floor', 'True', '16', '-78')
('floor', 'True', '80', '-78')
('floor', 'True', '144', '-78')
('floor', 'True', '208', '-78')
('floor', 'True', '272', '-78')
('floor', 'True', '336', '-78')
('floor', 'True', '400', '-78')
('floor', 'True', '464', '-78')
('floor', 'True', '528', '-78')
('floor', 'True', '592', '-78')
('floor', 'True', '656', '-78')
('floor', 'True', '720', '-78')
('floor', 'True', '784', '-78')
('floor', 'True', '848', '-78')
('floor', 'True', '912', '-78')
('floor', 'True', '976', '-78')
('floor', 'True', '1040', '-78')
('floor', 'True', '1104', '-78')
('floor', 'True', '1168', '-78')
('floor', 'True', '1232', '-78')
('floor', 'True', '1296', '-78')
('floor', 'True', '1360', '-78')
('floor', 'True', '1424', '-78')
('floor', 'True', '1488', '-78')
('floor', 'True', '1552', '-78')
('floor', 'True', '1616', '-78')
('floor', 'True', '1680', '-78')
('floor', 'True', '1744', '-78')
('floor', 'True', '1808', '-78')
('floor', 'True', '1872', '-78')
('floor', 'True', '1936', '-78')
('floor', 'True', '2000', '-78')
('floor', 'True', '2064', '-78')
('floor', 'True', '2128', '-78')
('floor', 'True', '2192', '-78')
('floor', 'True', '-2864', '-14')
('floor', 'True', '-2800', '-14')
('floor', 'True', '-2736', '-14')
('floor', 'True', '-2672', '-14')
('floor', 'True', '-2608', '-14')
('floor', 'True', '-2544', '-14')
('floor', 'True', '-2480', '-14')
('floor', 'True', '-2416', '-14')
('floor', 'True', '-2352', '-14')
('floor', 'True', '-2288', '-14')
('floor', 'True', '-2224', '-14')
('floor', 'True', '-2160', '-14')
('floor', 'True', '-2096', '-14')
('floor', 'True', '-2032', '-14')
('floor', 'True', '-1968', '-14')
('floor', 'True', '-1904', '-14')
('floor', 'True', '-1840', '-14')
('floor', 'True', '-1776', '-14')
('floor', 'True', '-1712', '-14')
('floor', 'True', '-1648', '-14')
('floor', 'True', '-1584', '-14')
('floor', 'True', '-1520', '-14')
('floor', 'True', '-1456', '-14')
('floor', 'True', '-1392', '-14')
('floor', 'True', '-1328', '-14')
('floor', 'True', '-1264', '-14')
('floor', 'True', '-1200', '-14')
('floor', 'True', '-1136', '-14')
('floor', 'True', '-1072', '-14')
('floor', 'True', '-1008', '-14')
('floor', 'True', '-944', '-14')
('floor', 'True', '-880', '-14')
('floor', 'True', '-816', '-14')
('floor', 'True', '-752', '-14')
('floor', 'True', '-688', '-14')
('floor', 'True', '-624', '-14')
('floor', 'True', '-560', '-14')
('floor', 'True', '-496', '-14')
('floor', 'True', '-432', '-14')
('floor', 'True', '-368', '-14')
('floor', 'True', '-304', '-14')
('floor', 'True', '-240', '-14')
('floor', 'True', '-176', '-14')
('floor', 'True', '-112', '-14')
('floor', 'True', '-48', '-14')
('floor', 'True', '16', '-14')
('floor', 'True', '80', '-14')
('floor', 'True', '144', '-14')
('floor', 'True', '208', '-14')
('floor', 'True', '272', '-14')
('floor', 'True', '336', '-14')
('floor', 'True', '400', '-14')
('floor', 'True', '464', '-14')
('floor', 'True', '528', '-14')
('floor', 'True', '592', '-14')
('floor', 'True', '656', '-14')
('floor', 'True', '720', '-14')
('floor', 'True', '784', '-14')
('floor', 'True', '848', '-14')
('floor', 'True', '912', '-14')
('floor', 'True', '976', '-14')
('floor', 'True', '1040', '-14')
('floor', 'True', '1104', '-14')
('floor', 'True', '1168', '-14')
('floor', 'True', '1232', '-14')
('floor', 'True', '1296', '-14')
('floor', 'True', '1360', '-14')
('floor', 'True', '1424', '-14')
('floor', 'True', '1488', '-14')
('floor', 'True', '1552', '-14')
('floor', 'True', '1616', '-14')
('floor', 'True', '1680', '-14')
('floor', 'True', '1744', '-14')
('floor', 'True', '1808', '-14')
('floor', 'True', '1872', '-14')
('floor', 'True', '1936', '-14')
('floor', 'True', '2000', '-14')
('floor', 'True', '2064', '-14')
('floor', 'True', '2128', '-14')
('floor', 'True', '2192', '-14')
('floor', 'True', '-2864', '50')
('floor', 'True', '-2800', '50')
('floor', 'True', '-2736', '50')
('floor', 'True', '-2672', '50')
('floor', 'True', '-2608', '50')
('floor', 'True', '-2544', '50')
('floor', 'True', '-2480', '50')
('floor', 'True', '-2416', '50')
('floor', 'True', '-2352', '50')
('floor', 'True', '-2288', '50')
('floor', 'True', '-2224', '50')
('floor', 'True', '-2160', '50')
('floor', 'True', '-2096', '50')
('floor', 'True', '-2032', '50')
('floor', 'True', '-1968', '50')
('floor', 'True', '-1904', '50')
('floor', 'True', '-1840', '50')
('floor', 'True', '-1776', '50')
('floor', 'True', '-1712', '50')
('floor', 'True', '-1648', '50')
('floor', 'True', '-1584', '50')
('floor', 'True', '-1520', '50')
('floor', 'True', '-1456', '50')
('floor', 'True', '-1392', '50')
('floor', 'True', '-1328', '50')
('floor', 'True', '-1264', '50')
('floor', 'True', '-1200', '50')
('floor', 'True', '-1136', '50')
('floor', 'True', '-1072', '50')
('floor', 'True', '-1008', '50')
('floor', 'True', '-944', '50')
('floor', 'True', '-880', '50')
('floor', 'True', '-816', '50')
('floor', 'True', '-752', '50')
('floor', 'True', '-688', '50')
('floor', 'True', '-624', '50')
('floor', 'True', '-560', '50')
('floor', 'True', '-496', '50')
('floor', 'True', '-432', '50')
('floor', 'True', '-368', '50')
('floor', 'True', '-304', '50')
('floor', 'True', '-240', '50')
('floor', 'True', '-176', '50')
('floor', 'True', '-112', '50')
('floor', 'True', '-48', '50')
('floor', 'True', '16', '50')
('floor', 'True', '80', '50')
('floor', 'True', '144', '50')
('floor', 'True', '208', '50')
('floor', 'True', '272', '50')
('floor', 'True', '336', '50')
('floor', 'True', '400', '50')
('floor', 'True', '464', '50')
('floor', 'True', '528', '50')
('floor', 'True', '592', '50')
('floor', 'True', '656', '50')
('floor', 'True', '720', '50')
('floor', 'True', '784', '50')
('floor', 'True', '848', '50')
('floor', 'True', '912', '50')
('floor', 'True', '976', '50')
('floor', 'True', '1040', '50')
('floor', 'True', '1104', '50')
('floor', 'True', '1168', '50')
('floor', 'True', '1232', '50')
('floor', 'True', '1296', '50')
('floor', 'True', '1360', '50')
('floor', 'True', '1424', '50')
('floor', 'True', '1488', '50')
('floor', 'True', '1552', '50')
('floor', 'True', '1616', '50')
('floor', 'True', '1680', '50')
('floor', 'True', '1744', '50')
('floor', 'True', '1808', '50')
('floor', 'True', '1872', '50')
('floor', 'True', '1936', '50')
('floor', 'True', '2000', '50')
('floor', 'True', '2064', '50')
('floor', 'True', '2128', '50')
('floor', 'True', '2192', '50')
('floor', 'True', '-2864', '114')
('floor', 'True', '-2800', '114')
('floor', 'True', '-2736', '114')
('floor', 'True', '-2672', '114')
('floor', 'True', '-2608', '114')
('floor', 'True', '-2544', '114')
('floor', 'True', '-2480', '114')
('floor', 'True', '-2416', '114')
('floor', 'True', '-2352', '114')
('floor', 'True', '-2288', '114')
('floor', 'True', '-2224', '114')
('floor', 'True', '-2160', '114')
('floor', 'True', '-2096', '114')
('floor', 'True', '-2032', '114')
('floor', 'True', '-1968', '114')
('floor', 'True', '-1904', '114')
('floor', 'True', '-1840', '114')
('floor', 'True', '-1776', '114')
('floor', 'True', '-1712', '114')
('floor', 'True', '-1648', '114')
('floor', 'True', '-1584', '114')
('floor', 'True', '-1520', '114')
('floor', 'True', '-1456', '114')
('floor', 'True', '-1392', '114')
('floor', 'True', '-1328', '114')
('floor', 'True', '-1264', '114')
('floor', 'True', '-1200', '114')
('floor', 'True', '-1136', '114')
('floor', 'True', '-1072', '114')
('floor', 'True', '-1008', '114')
('floor', 'True', '-944', '114')
('floor', 'True', '-880', '114')
('floor', 'True', '-816', '114')
('floor', 'True', '-752', '114')
('floor', 'True', '-688', '114')
('floor', 'True', '-624', '114')
('floor', 'True', '-560', '114')
('floor', 'True', '-496', '114')
('floor', 'True', '-432', '114')
('floor', 'True', '-368', '114')
('floor', 'True', '-304', '114')
('floor', 'True', '-240', '114')
('floor', 'True', '-176', '114')
('floor', 'True', '-112', '114')
('floor', 'True', '-48', '114')
('floor', 'True', '16', '114')
('floor', 'True', '80', '114')
('floor', 'True', '144', '114')
('floor', 'True', '208', '114')
('floor', 'True', '272', '114')
('floor', 'True', '336', '114')
('floor', 'True', '400', '114')
('floor', 'True', '464', '114')
('floor', 'True', '528', '114')
('floor', 'True', '592', '114')
('floor', 'True', '656', '114')
('floor', 'True', '720', '114')
('floor', 'True', '784', '114')
('floor', 'True', '848', '114')
('floor', 'True', '912', '114')
('floor', 'True', '976', '114')
('floor', 'True', '1040', '114')
('floor', 'True', '1104', '114')
('floor', 'True', '1168', '114')
('floor', 'True', '1232', '114')
('floor', 'True', '1296', '114')
('floor', 'True', '1936', '114')
('floor', 'True', '2000', '114')
('floor', 'True', '2064', '114')
('floor', 'True', '2128', '114')
('floor', 'True', '2192', '114')
('floor', 'True', '-2864', '178')
('floor', 'True', '-2800', '178')
('floor', 'True', '-2736', '178')
('floor', 'True', '-2672', '178')
('floor', 'True', '-2608', '178')
('floor', 'True', '-2544', '178')
('floor', 'True', '-2480', '178')
('floor', 'True', '-2416', '178')
('floor', 'True', '-2352', '178')
('floor', 'True', '-2288', '178')
('floor', 'True', '-2224', '178')
('floor', 'True', '-2160', '178')
('floor', 'True', '-2096', '178')
('floor', 'True', '-2032', '178')
('floor', 'True', '-1968', '178')
('floor', 'True', '-1904', '178')
('floor', 'True', '-1840', '178')
('floor', 'True', '-1776', '178')
('floor', 'True', '-1712', '178')
('floor', 'True', '-1648', '178')
('floor', 'True', '-1584', '178')
('floor', 'True', '-1520', '178')
('floor', 'True', '-1456', '178')
('floor', 'True', '-1392', '178')
('floor', 'True', '-1328', '178')
('floor', 'True', '-1264', '178')
('floor', 'True', '-1200', '178')
('floor', 'True', '-1136', '178')
('floor', 'True', '-1072', '178')
('floor', 'True', '-1008', '178')
('floor', 'True', '-944', '178')
('floor', 'True', '-880', '178')
('floor', 'True', '-816', '178')
('floor', 'True', '-752', '178')
('floor', 'True', '-688', '178')
('floor', 'True', '-624', '178')
('floor', 'True', '-560', '178')
('floor', 'True', '-496', '178')
('floor', 'True', '-432', '178')
('floor', 'True', '-368', '178')
('floor', 'True', '-304', '178')
('floor', 'True', '-240', '178')
('floor', 'True', '-176', '178')
('floor', 'True', '-112', '178')
('floor', 'True', '-48', '178')
('floor', 'True', '16', '178')
('floor', 'True', '80', '178')
('floor', 'True', '144', '178')
('floor', 'True', '208', '178')
('floor', 'True', '272', '178')
('floor', 'True', '336', '178')
('floor', 'True', '400', '178')
('floor', 'True', '464', '178')
('floor', 'True', '528', '178')
('floor', 'True', '592', '178')
('floor', 'True', '656', '178')
('floor', 'True', '720', '178')
('floor', 'True', '784', '178')
('floor', 'True', '848', '178')
('floor', 'True', '912', '178')
('floor', 'True', '976', '178')
('floor', 'True', '1040', '178')
('floor', 'True', '1104', '178')
('floor', 'True', '1168', '178')
('floor', 'True', '1232', '178')
('floor', 'True', '1296', '178')
('floor', 'True', '1936', '178')
('floor', 'True', '2000', '178')
('floor', 'True', '2064', '178')
('floor', 'True', '2128', '178')
('floor', 'True', '2192', '178')
('floor', 'True', '-2864', '242')
('floor', 'True', '-2800', '242')
('floor', 'True', '-2736', '242')
('floor', 'True', '-2672', '242')
('floor', 'True', '-2608', '242')
('floor', 'True', '-2544', '242')
('floor', 'True', '-2480', '242')
('floor', 'True', '-2416', '242')
('floor', 'True', '-2352', '242')
('floor', 'True', '-2288', '242')
('floor', 'True', '-2224', '242')
('floor', 'True', '-2160', '242')
('floor', 'True', '-2096', '242')
('floor', 'True', '-2032', '242')
('floor', 'True', '-1968', '242')
('floor', 'True', '-1904', '242')
('floor', 'True', '-1840', '242')
('floor', 'True', '-1776', '242')
('floor', 'True', '-1712', '242')
('floor', 'True', '-1648', '242')
('floor', 'True', '-1584', '242')
('floor', 'True', '-1520', '242')
('floor', 'True', '-1456', '242')
('floor', 'True', '-1392', '242')
('floor', 'True', '-1328', '242')
('floor', 'True', '-1264', '242')
('floor', 'True', '-1200', '242')
('floor', 'True', '-1136', '242')
('floor', 'True', '-1072', '242')
('floor', 'True', '-1008', '242')
('floor', 'True', '-944', '242')
('floor', 'True', '-880', '242')
('floor', 'True', '-816', '242')
('floor', 'True', '-752', '242')
('floor', 'True', '-688', '242')
('floor', 'True', '-624', '242')
('floor', 'True', '-560', '242')
('floor', 'True', '-496', '242')
('floor', 'True', '-432', '242')
('floor', 'True', '-368', '242')
('floor', 'True', '-304', '242')
('floor', 'True', '-240', '242')
('floor', 'True', '-176', '242')
('floor', 'True', '-112', '242')
('floor', 'True', '-48', '242')
('floor', 'True', '16', '242')
('floor', 'True', '80', '242')
('floor', 'True', '144', '242')
('floor', 'True', '208', '242')
('floor', 'True', '272', '242')
('floor', 'True', '336', '242')
('floor', 'True', '400', '242')
('floor', 'True', '464', '242')
('floor', 'True', '528', '242')
('floor', 'True', '592', '242')
('floor', 'True', '656', '242')
('floor', 'True', '720', '242')
('floor', 'True', '784', '242')
('floor', 'True', '848', '242')
('floor', 'True', '912', '242')
('floor', 'True', '976', '242')
('floor', 'True', '1040', '242')
('floor', 'True', '1104', '242')
('floor', 'True', '1168', '242')
('floor', 'True', '1232', '242')
('floor', 'True', '1296', '242')
('floor', 'True', '1936', '242')
('floor', 'True', '2000', '242')
('floor', 'True', '2064', '242')
('floor', 'True', '2128', '242')
('floor', 'True', '2192', '242')
('floor', 'True', '-496', '306')
('floor', 'True', '-432', '306')
('floor', 'True', '-368', '306')
('floor', 'True', '-304', '306')
('floor', 'True', '-240', '306')
('floor', 'True', '-176', '306')
('floor', 'True', '-112', '306')
('floor', 'True', '-48', '306')
('floor', 'True', '16', '306')
('floor', 'True', '80', '306')
('floor', 'True', '144', '306')
('floor', 'True', '208', '306')
('floor', 'True', '272', '306')
('floor', 'True', '336', '306')
('floor', 'True', '400', '306')
('floor', 'True', '464', '306')
('floor', 'True', '528', '306')
('floor', 'True', '592', '306')
('floor', 'True', '656', '306')
('floor', 'True', '720', '306')
('floor', 'True', '784', '306')
('floor', 'True', '848', '306')
('floor', 'True', '912', '306')
('floor', 'True', '976', '306')
('floor', 'True', '1040', '306')
('floor', 'True', '1104', '306')
('floor', 'True', '1168', '306')
('floor', 'True', '1232', '306')
('floor', 'True', '1296', '306')
('floor', 'True', '1936', '306')
('floor', 'True', '2000', '306')
('floor', 'True', '2064', '306')
('floor', 'True', '2128', '306')
('floor', 'True', '2192', '306')
('floor', 'True', '-496', '370')
('floor', 'True', '-432', '370')
('floor', 'True', '-368', '370')
('floor', 'True', '-304', '370')
('floor', 'True', '-240', '370')
('floor', 'True', '-176', '370')
('floor', 'True', '-112', '370')
('floor', 'True', '-48', '370')
('floor', 'True', '16', '370')
('floor', 'True', '80', '370')
('floor', 'True', '144', '370')
('floor', 'True', '208', '370')
('floor', 'True', '272', '370')
('floor', 'True', '336', '370')
('floor', 'True', '400', '370')
('floor', 'True', '464', '370')
('floor', 'True', '528', '370')
('floor', 'True', '592', '370')
('floor', 'True', '656', '370')
('floor', 'True', '720', '370')
('floor', 'True', '784', '370')
('floor', 'True', '848', '370')
('floor', 'True', '912', '370')
('floor', 'True', '976', '370')
('floor', 'True', '1040', '370')
('floor', 'True', '1104', '370')
('floor', 'True', '1168', '370')
('floor', 'True', '1232', '370')
('floor', 'True', '1296', '370')
('floor', 'True', '1936', '370')
('floor', 'True', '2000', '370')
('floor', 'True', '2064', '370')
('floor', 'True', '2128', '370')
('floor', 'True', '2192', '370')
('floor', 'True', '-496', '434')
('floor', 'True', '-432', '434')
('floor', 'True', '-368', '434')
('floor', 'True', '-304', '434')
('floor', 'True', '-240', '434')
('floor', 'True', '-176', '434')
('floor', 'True', '-112', '434')
('floor', 'True', '-48', '434')
('floor', 'True', '16', '434')
('floor', 'True', '80', '434')
('floor', 'True', '144', '434')
('floor', 'True', '208', '434')
('floor', 'True', '272', '434')
('floor', 'True', '336', '434')
('floor', 'True', '400', '434')
('floor', 'True', '464', '434')
('floor', 'True', '528', '434')
('floor', 'True', '592', '434')
('floor', 'True', '656', '434')
('floor', 'True', '720', '434')
('floor', 'True', '784', '434')
('floor', 'True', '848', '434')
('floor', 'True', '912', '434')
('floor', 'True', '976', '434')
('floor', 'True', '1040', '434')
('floor', 'True', '1104', '434')
('floor', 'True', '1168', '434')
('floor', 'True', '1232', '434')
('floor', 'True', '1296', '434')
('floor', 'True', '1936', '434')
('floor', 'True', '2000', '434')
('floor', 'True', '2064', '434')
('floor', 'True', '2128', '434')
('floor', 'True', '2192', '434')
('floor', 'True', '-496', '498')
('floor', 'True', '-432', '498')
('floor', 'True', '-368', '498')
('floor', 'True', '-304', '498')
('floor', 'True', '-240', '498')
('floor', 'True', '-176', '498')
('floor', 'True', '-112', '498')
('floor', 'True', '-48', '498')
('floor', 'True', '16', '498')
('floor', 'True', '80', '498')
('floor', 'True', '144', '498')
('floor', 'True', '208', '498')
('floor', 'True', '272', '498')
('floor', 'True', '336', '498')
('floor', 'True', '400', '498')
('floor', 'True', '464', '498')
('floor', 'True', '528', '498')
('floor', 'True', '592', '498')
('floor', 'True', '656', '498')
('floor', 'True', '720', '498')
('floor', 'True', '784', '498')
('floor', 'True', '848', '498')
('floor', 'True', '912', '498')
('floor', 'True', '976', '498')
('floor', 'True', '1040', '498')
('floor', 'True', '1104', '498')
('floor', 'True', '1168', '498')
('floor', 'True', '1232', '498')
('floor', 'True', '1296', '498')
('floor', 'True', '1360', '498')
('floor', 'True', '1424', '498')
('floor', 'True', '1488', '498')
('floor', 'True', '1552', '498')
('floor', 'True', '1616', '498')
('floor', 'True', '1680', '498')
('floor', 'True', '1744', '498')
('floor', 'True', '1808', '498')
('floor', 'True', '1872', '498')
('floor', 'True', '1936', '498')
('floor', 'True', '2000', '498')
('floor', 'True', '2064', '498')
('floor', 'True', '2128', '498')
('floor', 'True', '2192', '498')
('floor', 'True', '-496', '562')
('floor', 'True', '-432', '562')
('floor', 'True', '-368', '562')
('floor', 'True', '-304', '562')
('floor', 'True', '-240', '562')
('floor', 'True', '-176', '562')
('floor', 'True', '-112', '562')
('floor', 'True', '-48', '562')
('floor', 'True', '16', '562')
('floor', 'True', '80', '562')
('floor', 'True', '144', '562')
('floor', 'True', '208', '562')
('floor', 'True', '272', '562')
('floor', 'True', '336', '562')
('floor', 'True', '400', '562')
('floor', 'True', '464', '562')
('floor', 'True', '528', '562')
('floor', 'True', '592', '562')
('floor', 'True', '656', '562')
('floor', 'True', '720', '562')
('floor', 'True', '784', '562')
('floor', 'True', '848', '562')
('floor', 'True', '912', '562')
('floor', 'True', '976', '562')
('floor', 'True', '1040', '562')
('floor', 'True', '1104', '562')
('floor', 'True', '1168', '562')
('floor', 'True', '1232', '562')
('floor', 'True', '1296', '562')
('floor', 'True', '1360', '562')
('floor', 'True', '1424', '562')
('floor', 'True', '1488', '562')
('floor', 'True', '1552', '562')
('floor', 'True', '1616', '562')
('floor', 'True', '1680', '562')
('floor', 'True', '1744', '562')
('floor', 'True', '1808', '562')
('floor', 'True', '1872', '562')
('floor', 'True', '1936', '562')
('floor', 'True', '2000', '562')
('floor', 'True', '2064', '562')
('floor', 'True', '2128', '562')
('floor', 'True', '2192', '562')
('floor', 'True', '-496', '626')
('floor', 'True', '-432', '626')
('floor', 'True', '-368', '626')
('floor', 'True', '-304', '626')
('floor', 'True', '-240', '626')
('floor', 'True', '-176', '626')
('floor', 'True', '-112', '626')
('floor', 'True', '-48', '626')
('floor', 'True', '16', '626')
('floor', 'True', '80', '626')
('floor', 'True', '144', '626')
('floor', 'True', '208', '626')
('floor', 'True', '272', '626')
('floor', 'True', '336', '626')
('floor', 'True', '400', '626')
('floor', 'True', '464', '626')
('floor', 'True', '528', '626')
('floor', 'True', '592', '626')
('floor', 'True', '656', '626')
('floor', 'True', '720', '626')
('floor', 'True', '784', '626')
('floor', 'True', '848', '626')
('floor', 'True', '912', '626')
('floor', 'True', '976', '626')
('floor', 'True', '1040', '626')
('floor', 'True', '1104', '626')
('floor', 'True', '1168', '626')
('floor', 'True', '1232', '626')
('floor', 'True', '1296', '626')
('floor', 'True', '1360', '626')
('floor', 'True', '1424', '626')
('floor', 'True', '1488', '626')
('floor', 'True', '1552', '626')
('floor', 'True', '1616', '626')
('floor', 'True', '1680', '626')
('floor', 'True', '1744', '626')
('floor', 'True', '1808', '626')
('floor', 'True', '1872', '626')
('floor', 'True', '1936', '626')
('floor', 'True', '2000', '626')
('floor', 'True', '2064', '626')
('floor', 'True', '2128', '626')
('floor', 'True', '2192', '626')
('floor', 'True', '-496', '690')
('floor', 'True', '-432', '690')
('floor', 'True', '-368', '690')
('floor', 'True', '-304', '690')
('floor', 'True', '-240', '690')
('floor', 'True', '-176', '690')
('floor', 'True', '-112', '690')
('floor', 'True', '-48', '690')
('floor', 'True', '16', '690')
('floor', 'True', '80', '690')
('floor', 'True', '144', '690')
('floor', 'True', '208', '690')
('floor', 'True', '272', '690')
('floor', 'True', '336', '690')
('floor', 'True', '400', '690')
('floor', 'True', '464', '690')
('floor', 'True', '528', '690')
('floor', 'True', '592', '690')
('floor', 'True', '656', '690')
('floor', 'True', '720', '690')
('floor', 'True', '784', '690')
('floor', 'True', '848', '690')
('floor', 'True', '912', '690')
('floor', 'True', '976', '690')
('floor', 'True', '1040', '690')
('floor', 'True', '1104', '690')
('floor', 'True', '1168', '690')
('floor', 'True', '1232', '690')
('floor', 'True', '1296', '690')
('floor', 'True', '1360', '690')
('floor', 'True', '1424', '690')
('floor', 'True', '1488', '690')
('floor', 'True', '1552', '690')
('floor', 'True', '1616', '690')
('floor', 'True', '1680', '690')
('floor', 'True', '1744', '690')
('floor', 'True', '1808', '690')
('floor', 'True', '1872', '690')
('floor', 'True', '1936', '690')
('floor', 'True', '2000', '690')
('floor', 'True', '2064', '690')
('floor', 'True', '2128', '690')
('floor', 'True', '2192', '690')
('floor', 'True', '-496', '754')
('floor', 'True', '-432', '754')
('floor', 'True', '-368', '754')
('floor', 'True', '-304', '754')
('floor', 'True', '-240', '754')
('floor', 'True', '-176', '754')
('floor', 'True', '-112', '754')
('floor', 'True', '-48', '754')
('floor', 'True', '16', '754')
('floor', 'True', '80', '754')
('floor', 'True', '144', '754')
('floor', 'True', '208', '754')
('floor', 'True', '272', '754')
('floor', 'True', '336', '754')
('floor', 'True', '400', '754')
('floor', 'True', '464', '754')
('floor', 'True', '528', '754')
('floor', 'True', '592', '754')
('floor', 'True', '656', '754')
('floor', 'True', '720', '754')
('floor', 'True', '784', '754')
('floor', 'True', '848', '754')
('floor', 'True', '912', '754')
('floor', 'True', '976', '754')
('floor', 'True', '1040', '754')
('floor', 'True', '1104', '754')
('floor', 'True', '1168', '754')
('floor', 'True', '1232', '754')
('floor', 'True', '1296', '754')
('floor', 'True', '1360', '754')
('floor', 'True', '1424', '754')
('floor', 'True', '1488', '754')
('floor', 'True', '1552', '754')
('floor', 'True', '1616', '754')
('floor', 'True', '1680', '754')
('floor', 'True', '1744', '754')
('floor', 'True', '1808', '754')
('floor', 'True', '1872', '754')
('floor', 'True', '1936', '754')
('floor', 'True', '2000', '754')
('floor', 'True', '2064', '754')
('floor', 'True', '2128', '754')
('floor', 'True', '2192', '754')
('floor', 'True', '-496', '818')
('floor', 'True', '-432', '818')
('floor', 'True', '-368', '818')
('floor', 'True', '-304', '818')
('floor', 'True', '-240', '818')
('floor', 'True', '-176', '818')
('floor', 'True', '-112', '818')
('floor', 'True', '-48', '818')
('floor', 'True', '16', '818')
('floor', 'True', '80', '818')
('floor', 'True', '144', '818')
('floor', 'True', '208', '818')
('floor', 'True', '272', '818')
('floor', 'True', '336', '818')
('floor', 'True', '400', '818')
('floor', 'True', '464', '818')
('floor', 'True', '528', '818')
('floor', 'True', '592', '818')
('floor', 'True', '656', '818')
('floor', 'True', '720', '818')
('floor', 'True', '784', '818')
('floor', 'True', '848', '818')
('floor', 'True', '912', '818')
('floor', 'True', '976', '818')
('floor', 'True', '1040', '818')
('floor', 'True', '1104', '818')
('floor', 'True', '1168', '818')
('floor', 'True', '1232', '818')
('floor', 'True', '1296', '818')
('floor', 'True', '1360', '818')
('floor', 'True', '1424', '818')
('floor', 'True', '1488', '818')
('floor', 'True', '1552', '818')
('floor', 'True', '1616', '818')
('floor', 'True', '1680', '818')
('floor', 'True', '1744', '818')
('floor', 'True', '1808', '818')
('floor', 'True', '1872', '818')
('floor', 'True', '1936', '818')
('floor', 'True', '2000', '818')
('floor', 'True', '2064', '818')
('floor', 'True', '2128', '818')
('floor', 'True', '2192', '818')
('floor', 'True', '-496', '882')
('floor', 'True', '-432', '882')
('floor', 'True', '-368', '882')
('floor', 'True', '-304', '882')
('floor', 'True', '-240', '882')
('floor', 'True', '-176', '882')
('floor', 'True', '-112', '882')
('floor', 'True', '-48', '882')
('floor', 'True', '16', '882')
('floor', 'True', '80', '882')
('floor', 'True', '144', '882')
('floor', 'True', '208', '882')
('floor', 'True', '272', '882')
('floor', 'True', '336', '882')
('floor', 'True', '400', '882')
('floor', 'True', '464', '882')
('floor', 'True', '528', '882')
('floor', 'True', '592', '882')
('floor', 'True', '656', '882')
('floor', 'True', '720', '882')
('floor', 'True', '784', '882')
('floor', 'True', '848', '882')
('floor', 'True', '912', '882')
('floor', 'True', '976', '882')
('floor', 'True', '1040', '882')
('floor', 'True', '1104', '882')
('floor', 'True', '1168', '882')
('floor', 'True', '1232', '882')
('floor', 'True', '1296', '882')
('floor', 'True', '1360', '882')
('floor', 'True', '1424', '882')
('floor', 'True', '1488', '882')
('floor', 'True', '1552', '882')
('floor', 'True', '1616', '882')
('floor', 'True', '1680', '882')
('floor', 'True', '1744', '882')
('floor', 'True', '1808', '882')
('floor', 'True', '1872', '882')
('floor', 'True', '1936', '882')
('floor', 'True', '2000', '882')
('floor', 'True', '2064', '882')
('floor', 'True', '2128', '882')
('floor', 'True', '2192', '882')
('floor', 'True', '-496', '946')
('floor', 'True', '-432', '946')
('floor', 'True', '-368', '946')
('floor', 'True', '-304', '946')
('floor', 'True', '-240', '946')
('floor', 'True', '-176', '946')
('floor', 'True', '-112', '946')
('floor', 'True', '-48', '946')
('floor', 'True', '16', '946')
('floor', 'True', '80', '946')
('floor', 'True', '144', '946')
('floor', 'True', '208', '946')
('floor', 'True', '272', '946')
('floor', 'True', '336', '946')
('floor', 'True', '400', '946')
('floor', 'True', '464', '946')
('floor', 'True', '528', '946')
('floor', 'True', '592', '946')
('floor', 'True', '656', '946')
('floor', 'True', '720', '946')
('floor', 'True', '784', '946')
('floor', 'True', '848', '946')
('floor', 'True', '912', '946')
('floor', 'True', '976', '946')
('floor', 'True', '1040', '946')
('floor', 'True', '1104', '946')
('floor', 'True', '1168', '946')
('floor', 'True', '1232', '946')
('floor', 'True', '1296', '946')
('floor', 'True', '1360', '946')
('floor', 'True', '1424', '946')
('floor', 'True', '1488', '946')
('floor', 'True', '1552', '946')
('floor', 'True', '1616', '946')
('floor', 'True', '1680', '946')
('floor', 'True', '1744', '946')
('floor', 'True', '1808', '946')
('floor', 'True', '1872', '946')
('floor', 'True', '1936', '946')
('floor', 'True', '2000', '946')
('floor', 'True', '2064', '946')
('floor', 'True', '2128', '946')
('floor', 'True', '2192', '946')
('floor', 'True', '-496', '1010')
('floor', 'True', '-432', '1010')
('floor', 'True', '-368', '1010')
('floor', 'True', '-304', '1010')
('floor', 'True', '-240', '1010')
('floor', 'True', '-176', '1010')
('floor', 'True', '-112', '1010')
('floor', 'True', '-48', '1010')
('floor', 'True', '16', '1010')
('floor', 'True', '80', '1010')
('floor', 'True', '144', '1010')
('floor', 'True', '208', '1010')
('floor', 'True', '272', '1010')
('floor', 'True', '336', '1010')
('floor', 'True', '400', '1010')
('floor', 'True', '464', '1010')
('floor', 'True', '528', '1010')
('floor', 'True', '592', '1010')
('floor', 'True', '656', '1010')
('floor', 'True', '720', '1010')
('floor', 'True', '784', '1010')
('floor', 'True', '848', '1010')
('floor', 'True', '912', '1010')
('floor', 'True', '976', '1010')
('floor', 'True', '1040', '1010')
('floor', 'True', '1104', '1010')
('floor', 'True', '1168', '1010')
('floor', 'True', '1232', '1010')
('floor', 'True', '1296', '1010')
('floor', 'True', '1360', '1010')
('floor', 'True', '1424', '1010')
('floor', 'True', '1488', '1010')
('floor', 'True', '1552', '1010')
('floor', 'True', '1616', '1010')
('floor', 'True', '1680', '1010')
('floor', 'True', '1744', '1010')
('floor', 'True', '1808', '1010')
('floor', 'True', '1872', '1010')
('floor', 'True', '1936', '1010')
('floor', 'True', '2000', '1010')
('floor', 'True', '2064', '1010')
('floor', 'True', '2128', '1010')
('floor', 'True', '2192', '1010')
('floor', 'True', '-496', '1074')
('floor', 'True', '-432', '1074')
('floor', 'True', '-368', '1074')
('floor', 'True', '-304', '1074')
('floor', 'True', '-240', '1074')
('floor', 'True', '-176', '1074')
('floor', 'True', '-112', '1074')
('floor', 'True', '-48', '1074')
('floor', 'True', '16', '1074')
('floor', 'True', '80', '1074')
('floor', 'True', '144', '1074')
('floor', 'True', '208', '1074')
('floor', 'True', '272', '1074')
('floor', 'True', '336', '1074')
('floor', 'True', '400', '1074')
('floor', 'True', '464', '1074')
('floor', 'True', '528', '1074')
('floor', 'True', '592', '1074')
('floor', 'True', '656', '1074')
('floor', 'True', '720', '1074')
('floor', 'True', '784', '1074')
('floor', 'True', '848', '1074')
('floor', 'True', '912', '1074')
('floor', 'True', '976', '1074')
('floor', 'True', '1040', '1074')
('floor', 'True', '1104', '1074')
('floor', 'True', '1168', '1074')
('floor', 'True', '1232', '1074')
('floor', 'True', '1296', '1074')
('floor', 'True', '1360', '1074')
('floor', 'True', '1424', '1074')
('floor', 'True', '1488', '1074')
('floor', 'True', '80', '1138')
('floor', 'True', '144', '1138')
('floor', 'True', '208', '1138')
('floor', 'True', '272', '1138')
('floor', 'True', '336', '1138')
('floor', 'True', '400', '1138')
('floor', 'True', '464', '1138')
('floor', 'True', '528', '1138')
('floor', 'True', '592', '1138')
('floor', 'True', '656', '1138')
('floor', 'True', '720', '1138')
('floor', 'True', '784', '1138')
('floor', 'True', '848', '1138')
('floor', 'True', '912', '1138')
('floor', 'True', '976', '1138')
('floor', 'True', '1040', '1138')
('floor', 'True', '1104', '1138')
('floor', 'True', '1168', '1138')
('floor', 'True', '1232', '1138')
('floor', 'True', '1296', '1138')
('floor', 'True', '1360', '1138')
('floor', 'True', '1424', '1138')
('floor', 'True', '1488', '1138')
('floor', 'True', '80', '1202')
('floor', 'True', '144', '1202')
('floor', 'True', '208', '1202')
('floor', 'True', '272', '1202')
('floor', 'True', '336', '1202')
('floor', 'True', '400', '1202')
('floor', 'True', '464', '1202')
('floor', 'True', '528', '1202')
('floor', 'True', '592', '1202')
('floor', 'True', '656', '1202')
('floor', 'True', '720', '1202')
('floor', 'True', '784', '1202')
('floor', 'True', '848', '1202')
('floor', 'True', '912', '1202')
('floor', 'True', '976', '1202')
('floor', 'True', '1040', '1202')
('floor', 'True', '1104', '1202')
('floor', 'True', '1168', '1202')
('floor', 'True', '1232', '1202')
('floor', 'True', '1296', '1202')
('floor', 'True', '1360', '1202')
('floor', 'True', '1424', '1202')
('floor', 'True', '1488', '1202')
('floor', 'True', '80', '1266')
('floor', 'True', '144', '1266')
('floor', 'True', '208', '1266')
('floor', 'True', '272', '1266')
('floor', 'True', '336', '1266')
('floor', 'True', '400', '1266')
('floor', 'True', '464', '1266')
('floor', 'True', '528', '1266')
('floor', 'True', '592', '1266')
('floor', 'True', '656', '1266')
('floor', 'True', '720', '1266')
('floor', 'True', '784', '1266')
('floor', 'True', '848', '1266')
('floor', 'True', '912', '1266')
('floor', 'True', '976', '1266')
('floor', 'True', '1040', '1266')
('floor', 'True', '1104', '1266')
('floor', 'True', '1168', '1266')
('floor', 'True', '1232', '1266')
('floor', 'True', '1296', '1266')
('floor', 'True', '1360', '1266')
('floor', 'True', '1424', '1266')
('floor', 'True', '1488', '1266')
('floor', 'True', '80', '1330')
('floor', 'True', '144', '1330')
('floor', 'True', '208', '1330')
('floor', 'True', '272', '1330')
('floor', 'True', '336', '1330')
('floor', 'True', '400', '1330')
('floor', 'True', '464', '1330')
('floor', 'True', '528', '1330')
('floor', 'True', '592', '1330')
('floor', 'True', '656', '1330')
('floor', 'True', '720', '1330')
('floor', 'True', '784', '1330')
('floor', 'True', '848', '1330')
('floor', 'True', '912', '1330')
('floor', 'True', '976', '1330')
('floor', 'True', '1040', '1330')
('floor', 'True', '1104', '1330')
('floor', 'True', '1168', '1330')
('floor', 'True', '1232', '1330')
('floor', 'True', '1296', '1330')
('floor', 'True', '1360', '1330')
('floor', 'True', '1424', '1330')
('floor', 'True', '1488', '1330')
('floor', 'True', '80', '1394')
('floor', 'True', '144', '1394')
('floor', 'True', '208', '1394')
('floor', 'True', '272', '1394')
('floor', 'True', '336', '1394')
('floor', 'True', '400', '1394')
('floor', 'True', '464', '1394')
('floor', 'True', '528', '1394')
('floor', 'True', '592', '1394')
('floor', 'True', '656', '1394')
('floor', 'True', '720', '1394')
('floor', 'True', '784', '1394')
('floor', 'True', '848', '1394')
('floor', 'True', '912', '1394')
('floor', 'True', '976', '1394')
('floor', 'True', '1040', '1394')
('floor', 'True', '1104', '1394')
('floor', 'True', '1168', '1394')
('floor', 'True', '1232', '1394')
('floor', 'True', '1296', '1394')
('floor', 'True', '1360', '1394')
('floor', 'True', '1424', '1394')
('floor', 'True', '1488', '1394')
('floor', 'True', '848', '1458')
('floor', 'True', '912', '1458')
('floor', 'True', '976', '1458')
('floor', 'True', '1040', '1458')
('floor', 'True', '1104', '1458')
('floor', 'True', '1168', '1458')
('floor', 'True', '1232', '1458')
('floor', 'True', '1296', '1458')
('floor', 'True', '1360', '1458')
('floor', 'True', '1424', '1458')
('floor', 'True', '1488', '1458')
('floor', 'True', '848', '1522')
('floor', 'True', '912', '1522')
('floor', 'True', '976', '1522')
('floor', 'True', '1040', '1522')
('floor', 'True', '1104', '1522')
('floor', 'True', '1168', '1522')
('floor', 'True', '1232', '1522')
('floor', 'True', '1296', '1522')
('floor', 'True', '1360', '1522')
('floor', 'True', '1424', '1522')
('floor', 'True', '1488', '1522')
('floor', 'True', '848', '1586')
('floor', 'True', '912', '1586')
('floor', 'True', '976', '1586')
('floor', 'True', '1040', '1586')
('floor', 'True', '1104', '1586')
('floor', 'True', '1168', '1586')
('floor', 'True', '1232', '1586')
('floor', 'True', '1296', '1586')
('floor', 'True', '1360', '1586')
('floor', 'True', '1424', '1586')
('floor', 'True', '1488', '1586')
('floor', 'True', '848', '1650')
('floor', 'True', '912', '1650')
('floor', 'True', '976', '1650')
('floor', 'True', '1040', '1650')
('floor', 'True', '1104', '1650')
('floor', 'True', '1168', '1650')
('floor', 'True', '1232', '1650')
('floor', 'True', '1296', '1650')
('floor', 'True', '1360', '1650')
('floor', 'True', '1424', '1650')
('floor', 'True', '1488', '1650')
('wall', 'True', '-2864', '-142')
('wall', 'True', '-2800', '-142')
('wall', 'True', '-2736', '-142')
('wall', 'True', '-2672', '-142')
('wall', 'True', '-2608', '-142')
('wall', 'True', '-2544', '-142')
('wall', 'True', '-2480', '-142')
('wall', 'True', '-2416', '-142')
('wall', 'True', '-2352', '-142')
('wall', 'True', '-2288', '-142')
('wall', 'True', '-2224', '-142')
('wall', 'True', '-2160', '-142')
('wall', 'True', '-2096', '-142')
('wall', 'True', '-2032', '-142')
('wall', 'True', '-1968', '-142')
('wall', 'True', '-1904', '-142')
('wall', 'True', '-1840', '-142')
('wall', 'True', '-1776', '-142')
('wall', 'True', '-1712', '-142')
('wall', 'True', '-1648', '-142')
('wall', 'True', '-1584', '-142')
('wall', 'True', '-1520', '-142')
('wall', 'True', '-1456', '-142')
('wall', 'True', '-1392', '-142')
('wall', 'True', '-1328', '-142')
('wall', 'True', '-1264', '-142')
('wall', 'True', '-1200', '-142')
('wall', 'True', '-1136', '-142')
('wall', 'True', '-1072', '-142')
('wall', 'True', '-1008', '-142')
('wall', 'True', '-944', '-142')
('wall', 'True', '-880', '-142')
('wall', 'True', '-816', '-142')
('wall', 'True', '-752', '-142')
('wall', 'True', '-688', '-142')
('wall', 'True', '-624', '-142')
('wall', 'True', '-560', '-142')
('wall', 'True', '-496', '-142')
('wall', 'True', '-432', '-142')
('wall', 'True', '-368', '-142')
('wall', 'True', '-304', '-142')
('wall', 'True', '-240', '-142')
('wall', 'True', '-176', '-142')
('wall', 'True', '-112', '-142')
('wall', 'True', '-48', '-142')
('wall', 'True', '16', '-142')
('wall', 'True', '80', '-142')
('wall', 'True', '144', '-142')
('wall', 'True', '208', '-142')
('wall', 'True', '272', '-142')
('wall', 'True', '336', '-142')
('wall', 'True', '400', '-142')
('wall', 'True', '464', '-142')
('wall', 'True', '528', '-142')
('wall', 'True', '592', '-142')
('wall', 'True', '656', '-142')
('wall', 'True', '720', '-142')
('wall', 'True', '784', '-142')
('wall', 'True', '848', '-142')
('wall', 'True', '912', '-142')
('wall', 'True', '976', '-142')
('wall', 'True', '1040', '-142')
('wall', 'True', '1104', '-142')
('wall', 'True', '1168', '-142')
('wall', 'True', '1232', '-142')
('wall', 'True', '1296', '-142')
('wall', 'True', '1936', '-142')
('wall', 'True', '2000', '-142')
('wall', 'True', '2064', '-142')
('wall', 'True', '2128', '-142')
('wall', 'True', '2192', '-142')
('wall', 'True', '-2864', '-78')
('wall', 'True', '1040', '-78')
('wall', 'True', '1296', '-78')
('wall', 'True', '1360', '-78')
('wall', 'True', '1424', '-78')
('wall', 'True', '1488', '-78')
('wall', 'True', '1552', '-78')
('wall', 'True', '1616', '-78')
('wall', 'True', '1680', '-78')
('wall', 'True', '1744', '-78')
('wall', 'True', '1808', '-78')
('wall', 'True', '1872', '-78')
('wall', 'True', '1936', '-78')
('wall', 'True', '2128', '-78')
('wall', 'True', '2192', '-78')
('wall', 'True', '-2864', '-14')
('wall', 'True', '1040', '-14')
('wall', 'True', '2192', '-14')
('wall', 'True', '-2864', '50')
('wall', 'True', '848', '50')
('wall', 'True', '1040', '50')
('wall', 'True', '1296', '50')
('wall', 'True', '1360', '50')
('wall', 'True', '1424', '50')
('wall', 'True', '1488', '50')
('wall', 'True', '1552', '50')
('wall', 'True', '1616', '50')
('wall', 'True', '1680', '50')
('wall', 'True', '1744', '50')
('wall', 'True', '1808', '50')
('wall', 'True', '1872', '50')
('wall', 'True', '1936', '50')
('wall', 'True', '2128', '50')
('wall', 'True', '2192', '50')
('wall', 'True', '-2864', '114')
('wall', 'True', '848', '114')
('wall', 'True', '1040', '114')
('wall', 'True', '1296', '114')
('wall', 'True', '1936', '114')
('wall', 'True', '2192', '114')
('wall', 'True', '-2864', '178')
('wall', 'True', '848', '178')
('wall', 'True', '1040', '178')
('wall', 'True', '1296', '178')
('wall', 'True', '1936', '178')
('wall', 'True', '2192', '178')
('wall', 'True', '-2864', '242')
('wall', 'True', '-2800', '242')
('wall', 'True', '-2736', '242')
('wall', 'True', '-2672', '242')
('wall', 'True', '-2608', '242')
('wall', 'True', '-2544', '242')
('wall', 'True', '-2480', '242')
('wall', 'True', '-2416', '242')
('wall', 'True', '-2352', '242')
('wall', 'True', '-2288', '242')
('wall', 'True', '-2224', '242')
('wall', 'True', '-2160', '242')
('wall', 'True', '-2096', '242')
('wall', 'True', '-2032', '242')
('wall', 'True', '-1968', '242')
('wall', 'True', '-1904', '242')
('wall', 'True', '-1840', '242')
('wall', 'True', '-1776', '242')
('wall', 'True', '-1712', '242')
('wall', 'True', '-1648', '242')
('wall', 'True', '-1584', '242')
('wall', 'True', '-1520', '242')
('wall', 'True', '-1456', '242')
('wall', 'True', '-1392', '242')
('wall', 'True', '-1328', '242')
('wall', 'True', '-1264', '242')
('wall', 'True', '-1200', '242')
('wall', 'True', '-1136', '242')
('wall', 'True', '-1072', '242')
('wall', 'True', '-1008', '242')
('wall', 'True', '-944', '242')
('wall', 'True', '-880', '242')
('wall', 'True', '-816', '242')
('wall', 'True', '-752', '242')
('wall', 'True', '-688', '242')
('wall', 'True', '-624', '242')
('wall', 'True', '-560', '242')
('wall', 'True', '-496', '242')
('wall', 'True', '-432', '242')
('wall', 'True', '-368', '242')
('wall', 'True', '-304', '242')
('wall', 'True', '-240', '242')
('wall', 'True', '-176', '242')
('wall', 'True', '-112', '242')
('wall', 'True', '-48', '242')
('wall', 'True', '16', '242')
('wall', 'True', '80', '242')
('wall', 'True', '144', '242')
('wall', 'True', '208', '242')
('wall', 'True', '272', '242')
('wall', 'True', '336', '242')
('wall', 'True', '400', '242')
('wall', 'True', '464', '242')
('wall', 'True', '528', '242')
('wall', 'True', '592', '242')
('wall', 'True', '656', '242')
('wall', 'True', '720', '242')
('wall', 'True', '784', '242')
('wall', 'True', '848', '242')
('wall', 'True', '1040', '242')
('wall', 'True', '1296', '242')
('wall', 'True', '1936', '242')
('wall', 'True', '2192', '242')
('wall', 'True', '-496', '306')
('wall', 'True', '272', '306')
('wall', 'True', '1040', '306')
('wall', 'True', '1296', '306')
('wall', 'True', '1936', '306')
('wall', 'True', '2192', '306')
('wall', 'True', '-496', '370')
('wall', 'True', '272', '370')
('wall', 'True', '528', '370')
('wall', 'True', '1040', '370')
('wall', 'True', '1296', '370')
('wall', 'True', '1936', '370')
('wall', 'True', '2192', '370')
('wall', 'True', '-496', '434')
('wall', 'True', '272', '434')
('wall', 'True', '528', '434')
('wall', 'True', '1040', '434')
('wall', 'True', '1296', '434')
('wall', 'True', '1936', '434')
('wall', 'True', '2192', '434')
('wall', 'True', '-496', '498')
('wall', 'True', '272', '498')
('wall', 'True', '528', '498')
('wall', 'True', '1040', '498')
('wall', 'True', '1296', '498')
('wall', 'True', '1360', '498')
('wall', 'True', '1424', '498')
('wall', 'True', '1488', '498')
('wall', 'True', '1552', '498')
('wall', 'True', '1616', '498')
('wall', 'True', '1680', '498')
('wall', 'True', '1744', '498')
('wall', 'True', '1808', '498')
('wall', 'True', '1872', '498')
('wall', 'True', '1936', '498')
('wall', 'True', '2000', '498')
('wall', 'True', '2064', '498')
('wall', 'True', '2128', '498')
('wall', 'True', '2192', '498')
('wall', 'True', '-496', '562')
('wall', 'True', '272', '562')
('wall', 'True', '528', '562')
('wall', 'True', '1296', '562')
('wall', 'True', '2192', '562')
('wall', 'True', '-496', '626')
('wall', 'True', '528', '626')
('wall', 'True', '1296', '626')
('wall', 'True', '2192', '626')
('wall', 'True', '-496', '690')
('wall', 'True', '-304', '690')
('wall', 'True', '-240', '690')
('wall', 'True', '-176', '690')
('wall', 'True', '-112', '690')
('wall', 'True', '-48', '690')
('wall', 'True', '16', '690')
('wall', 'True', '80', '690')
('wall', 'True', '144', '690')
('wall', 'True', '208', '690')
('wall', 'True', '272', '690')
('wall', 'True', '336', '690')
('wall', 'True', '400', '690')
('wall', 'True', '464', '690')
('wall', 'True', '528', '690')
('wall', 'True', '592', '690')
('wall', 'True', '656', '690')
('wall', 'True', '720', '690')
('wall', 'True', '784', '690')
('wall', 'True', '848', '690')
('wall', 'True', '912', '690')
('wall', 'True', '976', '690')
('wall', 'True', '1040', '690')
('wall', 'True', '1104', '690')
('wall', 'True', '1168', '690')
('wall', 'True', '1232', '690')
('wall', 'True', '1296', '690')
('wall', 'True', '2192', '690')
('wall', 'True', '-496', '754')
('wall', 'True', '1040', '754')
('wall', 'True', '1296', '754')
('wall', 'True', '1360', '754')
('wall', 'True', '1424', '754')
('wall', 'True', '1488', '754')
('wall', 'True', '1552', '754')
('wall', 'True', '1616', '754')
('wall', 'True', '1680', '754')
('wall', 'True', '1744', '754')
('wall', 'True', '1808', '754')
('wall', 'True', '2192', '754')
('wall', 'True', '-496', '818')
('wall', 'True', '80', '818')
('wall', 'True', '1040', '818')
('wall', 'True', '2192', '818')
('wall', 'True', '-496', '882')
('wall', 'True', '80', '882')
('wall', 'True', '1040', '882')
('wall', 'True', '2192', '882')
('wall', 'True', '-496', '946')
('wall', 'True', '80', '946')
('wall', 'True', '1040', '946')
('wall', 'True', '1360', '946')
('wall', 'True', '2192', '946')
('wall', 'True', '-496', '1010')
('wall', 'True', '80', '1010')
('wall', 'True', '1040', '1010')
('wall', 'True', '1232', '1010')
('wall', 'True', '1296', '1010')
('wall', 'True', '1360', '1010')
('wall', 'True', '1424', '1010')
('wall', 'True', '1488', '1010')
('wall', 'True', '1552', '1010')
('wall', 'True', '1616', '1010')
('wall', 'True', '1680', '1010')
('wall', 'True', '1744', '1010')
('wall', 'True', '1808', '1010')
('wall', 'True', '1872', '1010')
('wall', 'True', '1936', '1010')
('wall', 'True', '2000', '1010')
('wall', 'True', '2064', '1010')
('wall', 'True', '2128', '1010')
('wall', 'True', '2192', '1010')
('wall', 'True', '-496', '1074')
('wall', 'True', '-432', '1074')
('wall', 'True', '-368', '1074')
('wall', 'True', '-304', '1074')
('wall', 'True', '-240', '1074')
('wall', 'True', '-176', '1074')
('wall', 'True', '-112', '1074')
('wall', 'True', '-48', '1074')
('wall', 'True', '16', '1074')
('wall', 'True', '80', '1074')
('wall', 'True', '1040', '1074')
('wall', 'True', '1488', '1074')
('wall', 'True', '80', '1138')
('wall', 'True', '1040', '1138')
('wall', 'True', '1488', '1138')
('wall', 'True', '80', '1202')
('wall', 'True', '1040', '1202')
('wall', 'True', '1488', '1202')
('wall', 'True', '80', '1266')
('wall', 'True', '1040', '1266')
('wall', 'True', '1488', '1266')
('wall', 'True', '80', '1330')
('wall', 'True', '1040', '1330')
('wall', 'True', '1488', '1330')
('wall', 'True', '80', '1394')
('wall', 'True', '144', '1394')
('wall', 'True', '208', '1394')
('wall', 'True', '272', '1394')
('wall', 'True', '336', '1394')
('wall', 'True', '400', '1394')
('wall', 'True', '464', '1394')
('wall', 'True', '528', '1394')
('wall', 'True', '592', '1394')
('wall', 'True', '656', '1394')
('wall', 'True', '720', '1394')
('wall', 'True', '784', '1394')
('wall', 'True', '848', '1394')
('wall', 'True', '976', '1394')
('wall', 'True', '1040', '1394')
('wall', 'True', '1488', '1394')
('wall', 'True', '848', '1458')
('wall', 'True', '1488', '1458')
('wall', 'True', '848', '1522')
('wall', 'True', '1488', '1522')
('wall', 'True', '848', '1586')
('wall', 'True', '1040', '1586')
('wall', 'True', '1488', '1586')
('wall', 'True', '848', '1650')
('wall', 'True', '912', '1650')
('wall', 'True', '976', '1650')
('wall', 'True', '1040', '1650')
('wall', 'True', '1104', '1650')
('wall', 'True', '1168', '1650')
('wall', 'True', '1232', '1650')
('wall', 'True', '1296', '1650')
('wall', 'True', '1360', '1650')
('wall', 'True', '1424', '1650')
('wall', 'True', '1488', '1650')
('shooter', 'True', '528', '31')
('shooter', 'True', '2128', '-9')
('shooter', 'True', '-267', '306')
('shooter', 'True', '-287', '306')
('shooter', 'True', '-35', '306')
('shooter', 'True', '1169', '754')
('shooter', 'True', '976', '1183')
('shooter', 'True', '1933', '946')
('shooter', 'True', '-432', '495')
('shooter', 'True', '976', '797')
('shooter', 'True', '909', '1330')
('shooter', 'True', '1389', '1586')
('player', 'True', '771', '418')
